ID,CODE,ORDER_CODE,MEDICAL_NUMBER,MUTANT_GENES,OTHER_NAME,COPY_NUMBER_VARATION,COPY_NUMBER_VARATION_EXON,COPY_VARATION_RATIO,MUTATION_CLASS,RELATED_MUTATION,RELATED_CHEMOTHERAPY
编号,样本号,订单号,电子病历号,突变基因,其他名称,拷贝数变异,拷贝数变异总外显子,拷贝数变异倍数,突变分类,靶向相关突变分级,化疗相关突变分级
lala,lalala,,,,,,,,muahah
lala,lalala,muahah
lala,lalala,muahah
lala,lalala,muahah
lala,lalala,muahah
lala,lalala,muahah
lala,lalala,muahah
lala,lalala,muahah
lala,lalala,muahah
lala,lalala,muahah
lala,lalala,muahah
lala,lalala,muahah
lala,lalala,muahah
lala,lalala,muahah
lala,lalala,muahah
lala,lalala,muahah
lala,lalala,muahah
lala,lalala,muahah
lala,lalala,muahah
lala,lalala,muahah
lala,lalala,muahah
lala,lalala,muahah
lala,lalala,muahah
lala,lalala,muahah
lala,lalala,muahah
lala,lalala,muahah
lala,lalala,muahah
lala,lalala,muahah
lala,lalala,muahah
lala,lalala,muahah
lala,lalala,muahah
lala,lalala,muahah
lala,lalala,muahah
lala,lalala,muahah
lala,lalala,muahah
lala,lalala,muahah
lala,lalala,muahah
lala,lalala,muahah
lala,lalala,muahah
lala,lalala,muahah
lala,lalala,muahah
lala,lalala,muahah
lala,lalala,muahah
lala,lalala,muahah
lala,lalala,muahah
lala,lalala,muahah
lala,lalala,muahah
lala,lalala,muahah
lala,lalala,muahah
lala,lalala,muahah
lala,lalala,muahah
lala,lalala,muahah
lala,lalala,muahah
lala,lalala,muahah
lala,lalala,muahah
lala,lalala,muahah
lala,lalala,muahah
lala,lalala,muahah
lala,lalala,muahah
lala,lalala,muahah
lala,lalala,muahah
lala,lalala,muahah
lala,lalala,muahah
lala,lalala,muahah
lala,lalala,muahah
lala,lalala,muahah
lala,lalala,muahah
lala,lalala,muahah
lala,lalala,muahah
lala,lalala,muahah
lala,lalala,muahah
lala,lalala,muahah
lala,lalala,muahah
lala,lalala,muahah
lala,lalala,muahah
lala,lalala,muahah
lala,lalala,muahah
lala,lalala,muahah
lala,lalala,muahah
lala,lalala,muahah
lala,lalala,muahah
